,mp,rf
0,0.9781052631578947,0.9827368421052631
1,0.9772631578947368,0.9814736842105263
2,0.9781052631578947,0.9827368421052631
3,0.9781052631578947,0.9814736842105263
4,0.9776842105263158,0.9827368421052631
5,0.9785263157894737,0.9827368421052631
6,0.9781052631578947,0.9810526315789474
7,0.9797894736842105,0.9827368421052631
8,0.976,0.9827368421052631
9,0.9785263157894737,0.9823157894736843
