,mp,rf
0,2.789397,3.118658
1,2.856074,2.662894
2,2.220028,2.600046
3,2.041837,2.379633
4,1.839064,2.344727
5,1.845066,2.383625
6,3.634267,2.867326
7,1.996661,2.466401
8,1.869997,2.463409
9,2.400583,2.479365
