,mp,rf
0,5.786525,28.847913
1,6.621289,29.38864
2,6.491639,29.310096
3,6.330073,29.079834
4,6.45868,29.506564
5,6.115202,27.238402
6,5.72968,26.268861
7,6.456728,26.246813
8,5.656871,27.174197
9,5.714722,26.171147
10,5.752613,25.706062
11,5.809464,26.316174
12,5.702334,26.009805
13,5.666604,27.663703
14,5.931139,26.183068
15,5.695765,26.596301
16,5.796483,26.904077
17,5.771567,28.400428
18,5.766188,27.246132
19,5.738653,25.966234
