,mp,rf
0,0.9823157894736843,0.9848421052631579
1,0.9818947368421053,0.9861052631578947
2,0.9802105263157894,0.9848421052631579
3,0.9810526315789474,0.9856842105263158
4,0.9802105263157894,0.9827368421052631
5,0.9797894736842105,0.9848421052631579
6,0.9810526315789474,0.984
7,0.9797894736842105,0.9848421052631579
8,0.9818947368421053,0.984421052631579
9,0.9797894736842105,0.9852631578947368
