,mp,rf
0,5.670344,3.468734
1,5.699758,3.582433
2,5.942107,3.501632
3,5.756303,3.531556
4,5.635934,3.534524
5,6.179478,3.575436
6,5.585312,3.554492
7,6.266235,3.502631
8,5.93735,3.845713
9,5.762585,3.52956
