,mp,rf
0,0.8166666666666667,0.7116666666666667
1,0.8283333333333334,0.7166666666666667
2,0.8116666666666666,0.725
3,0.81,0.7166666666666667
4,0.8066666666666666,0.74
5,0.8216666666666667,0.7266666666666667
6,0.7833333333333333,0.7283333333333334
7,0.8066666666666666,0.7066666666666667
8,0.8133333333333334,0.755
9,0.8166666666666667,0.7416666666666667
