,mp,rf
0,10.588981,17.800158
1,11.281035,17.165685
2,10.844043,16.868963
3,10.765098,16.480374
4,10.033517,15.908748
5,9.746793,15.741342
6,10.304443,15.485651
7,9.714068,15.606393
8,9.784434,16.286463
9,9.786433,15.358102
10,9.920354,15.636468
11,9.584513,15.913388
12,9.975591,15.510035
13,9.74902,15.364792
14,9.883229,15.458057
15,9.626651,15.644017
16,10.002157,15.692321
17,9.774983,15.883127
18,9.825586,15.213945
19,9.73068,15.601663
