,mp,rf
0,0.8333333333333334,0.735
1,0.8283333333333334,0.715
2,0.835,0.7366666666666667
3,0.8266666666666667,0.7216666666666667
4,0.8516666666666667,0.7166666666666667
5,0.835,0.7316666666666667
6,0.8483333333333334,0.7266666666666667
7,0.8216666666666667,0.7466666666666667
8,0.8333333333333334,0.73
9,0.8166666666666667,0.7466666666666667
