,mp,rf
0,8.424056,5.069439
1,8.310349,5.008602
2,8.25189,5.022564
3,8.318953,5.304673
4,8.300884,5.0475
5,9.582481,5.401549
6,8.517585,5.248958
7,8.580234,5.054479
8,8.218147,5.106343
9,8.268194,5.003616
