,mp,rf
0,1.67671,2.155039
1,1.394803,2.112259
2,1.53425,2.012642
3,1.294027,2.002626
4,1.291562,2.404568
5,1.281172,2.353703
6,1.425563,2.029577
7,1.314713,1.93176
8,1.265811,1.96075
9,1.631326,2.012605
