,mp,rf
0,322.075452,440.368475
1,325.768984,438.01894
2,326.507541,441.058886
3,328.810115,466.460431
4,293.914349,437.685593
