,mp,rf
0,1.053583,1.890646
1,0.884022,1.625649
2,0.860562,1.679507
3,0.872676,1.692449
4,0.876171,1.715454
5,0.850324,1.761283
6,0.914489,1.761288
7,0.891861,1.755305
8,1.013638,1.701444
9,0.994737,1.718402
