,mp,rf
0,0.9886792452830189,0.9924528301886792
1,0.9886792452830189,0.9886792452830189
2,0.9886792452830189,0.9886792452830189
3,0.9886792452830189,0.9924528301886792
4,0.9886792452830189,0.9924528301886792
5,0.9886792452830189,0.9886792452830189
6,0.9886792452830189,0.9924528301886792
7,0.9886792452830189,0.9886792452830189
8,0.9886792452830189,0.9924528301886792
9,0.9886792452830189,0.9886792452830189
