,mp,rf
0,24.524119,4.646886
1,22.709875,5.23029
