,mp,rf
0,1.0,0.9962264150943396
1,1.0,0.9962264150943396
