,mp,rf
0,1.054829,1.295532
1,0.862682,0.860701
2,0.717236,0.876656
3,0.717088,0.863681
4,0.695142,0.91455
5,0.95298,1.103049
6,0.919539,1.120007
7,0.972396,1.191816
8,1.134966,1.211755
9,0.837761,0.910303
