,mp,rf
0,43.032867,1.420201
1,44.739143,1.403246
2,45.651362,3.570999
3,42.666996,1.820105
4,46.202567,1.537886
5,40.081057,1.727379
6,46.051868,1.482038
7,46.185517,1.862596
8,40.579185,1.58576
9,37.81574,1.646624
