,mp,rf
0,38.565153,48.460085
1,38.626955,44.252481
2,35.948008,50.198914
3,39.145846,51.487569
4,39.257402,48.76454
5,38.662947,51.93263
6,40.053781,50.570324
7,39.506559,48.878996
8,38.888858,49.83234
9,38.554968,49.597133
10,39.318879,49.701519
11,38.838834,49.150523
12,39.007819,49.157517
13,38.843186,49.572053
14,38.576187,49.329171
15,37.954491,48.405033
16,38.353467,49.62254
17,38.199227,48.963951
18,38.279622,49.109019
19,38.544634,49.829407
