,mp,rf
0,0.8,0.8205128205128205
1,0.8,0.8205128205128205
2,0.8051282051282052,0.8051282051282052
3,0.7794871794871795,0.8102564102564103
4,0.8,0.8102564102564103
5,0.8051282051282052,0.8205128205128205
6,0.8,0.8256410256410256
7,0.8,0.8051282051282052
8,0.8102564102564103,0.8102564102564103
9,0.7948717948717948,0.8051282051282052
