,mp,rf
0,0.8051282051282052,0.8307692307692308
1,0.8102564102564103,0.8512820512820513
2,0.8358974358974359,0.8461538461538461
3,0.8102564102564103,0.8512820512820513
4,0.8102564102564103,0.8358974358974359
5,0.7948717948717948,0.882051282051282
6,0.8102564102564103,0.8615384615384616
7,0.8307692307692308,0.8307692307692308
8,0.8102564102564103,0.8358974358974359
9,0.8153846153846154,0.8564102564102564
