,mp,rf
0,36.481147,1.405242
1,38.824368,1.400256
2,45.053427,1.757619
3,42.52337,1.560826
4,46.184656,1.70943
5,42.570431,1.682552
6,41.453931,3.798944
7,54.790316,1.363355
8,37.940608,1.448124
9,40.72474,1.846848
