,mp,rf
0,0.944583,1.382301
1,0.896859,1.302515
2,0.932079,1.196799
3,0.872008,1.238686
4,0.87819,1.194802
5,0.878552,1.223703
6,0.870398,1.258171
7,1.113023,1.239687
8,0.876363,1.179848
9,0.855016,1.322465
