,mp,rf
0,0.43424,0.425862
1,0.26958,0.406898
2,0.252005,0.432841
3,0.257999,0.438816
4,0.267422,0.457774
5,0.262097,0.413892
6,0.263166,0.442812
7,0.247021,0.434835
8,0.256549,0.409895
9,0.253039,0.448798
