,mp,rf
0,0.9420671494404214,0.9473337722185649
1,0.9374588545095458,0.9519420671494404
2,0.9361421988150099,0.9466754443712969
3,0.9374588545095458,0.9493087557603687
4,0.9394338380513496,0.9479921000658328
5,0.9394338380513496,0.9493087557603687
6,0.9407504937458855,0.9499670836076366
7,0.934825543120474,0.9479921000658328
8,0.9381171823568137,0.9479921000658328
9,0.9420671494404214,0.9512837393021725
