,mp,rf
0,0.9479921000658328,0.9572086899275839
1,0.9493087557603687,0.9539170506912442
2,0.9479921000658328,0.9552337063857801
3,0.9519420671494404,0.9545753785385122
4,0.945358788676761,0.9545753785385122
5,0.9493087557603687,0.955892034233048
6,0.9506254114549045,0.9545753785385122
7,0.9493087557603687,0.9552337063857801
8,0.9440421329822252,0.9572086899275839
9,0.9440421329822252,0.9545753785385122
